len,age,period,species
37,1,pre,BLG
35,1,pre,BLG
31,1,pre,BLG
33,1,pre,BLG
42,1,pre,BLG
46,1,pre,BLG
47,1,pre,BLG
42,1,pre,BLG
41,1,pre,BLG
40,1,pre,BLG
48,1,pre,BLG
47,1,pre,BLG
45,1,pre,BLG
44,1,pre,BLG
41,1,pre,BLG
41,1,pre,BLG
49,1,pre,BLG
42,1,pre,BLG
40,1,pre,BLG
44,1,pre,BLG
44,1,pre,BLG
40,1,pre,BLG
41,1,pre,BLG
43,1,pre,BLG
44,1,pre,BLG
42,1,pre,BLG
43,1,pre,BLG
41,1,pre,BLG
42,1,pre,BLG
40,1,pre,BLG
49,1,pre,BLG
48,1,pre,BLG
44,1,pre,BLG
44,1,pre,BLG
44,1,pre,BLG
41,1,pre,BLG
46,1,pre,BLG
47,1,pre,BLG
49,1,pre,BLG
44,1,pre,BLG
49,1,pre,BLG
49,1,pre,BLG
48,1,pre,BLG
41,1,pre,BLG
40,1,pre,BLG
41,1,pre,BLG
42,1,pre,BLG
41,1,pre,BLG
44,1,pre,BLG
47,1,pre,BLG
41,1,pre,BLG
42,1,pre,BLG
48,1,pre,BLG
49,1,pre,BLG
41,1,pre,BLG
40,1,pre,BLG
51,1,pre,BLG
53,1,pre,BLG
57,1,pre,BLG
52,1,pre,BLG
53,1,pre,BLG
52,1,pre,BLG
56,1,pre,BLG
53,1,pre,BLG
50,1,pre,BLG
53,1,pre,BLG
52,1,pre,BLG
51,1,pre,BLG
53,1,pre,BLG
59,1,pre,BLG
55,1,pre,BLG
52,1,pre,BLG
50,1,pre,BLG
56,1,pre,BLG
51,1,pre,BLG
51,1,pre,BLG
56,1,pre,BLG
58,1,pre,BLG
52,1,pre,BLG
56,1,pre,BLG
57,1,pre,BLG
52,1,pre,BLG
52,1,pre,BLG
57,1,pre,BLG
57,1,pre,BLG
51,1,pre,BLG
51,1,pre,BLG
51,1,pre,BLG
57,1,pre,BLG
59,1,pre,BLG
54,1,pre,BLG
53,1,pre,BLG
52,1,pre,BLG
52,1,pre,BLG
50,1,pre,BLG
55,1,pre,BLG
50,1,pre,BLG
53,1,pre,BLG
51,1,pre,BLG
50,1,pre,BLG
59,1,pre,BLG
57,1,pre,BLG
59,1,pre,BLG
50,1,pre,BLG
51,1,pre,BLG
59,1,pre,BLG
59,1,pre,BLG
59,1,pre,BLG
51,1,pre,BLG
50,1,pre,BLG
58,1,pre,BLG
52,1,pre,BLG
56,1,pre,BLG
56,1,pre,BLG
56,1,pre,BLG
52,1,pre,BLG
59,1,pre,BLG
55,1,pre,BLG
59,1,pre,BLG
54,1,pre,BLG
51,1,pre,BLG
52,1,pre,BLG
53,1,pre,BLG
51,1,pre,BLG
54,1,pre,BLG
54,1,pre,BLG
58,1,pre,BLG
54,1,pre,BLG
50,1,pre,BLG
52,1,pre,BLG
51,1,pre,BLG
56,1,pre,BLG
57,1,pre,BLG
57,1,pre,BLG
57,1,pre,BLG
58,1,pre,BLG
52,1,pre,BLG
50,1,pre,BLG
50,1,pre,BLG
58,1,pre,BLG
51,1,pre,BLG
56,1,pre,BLG
57,1,pre,BLG
58,1,pre,BLG
53,1,pre,BLG
58,1,pre,BLG
54,1,pre,BLG
50,1,pre,BLG
50,1,pre,BLG
55,1,pre,BLG
57,1,pre,BLG
59,1,pre,BLG
56,1,pre,BLG
57,1,pre,BLG
50,1,pre,BLG
51,1,pre,BLG
58,2,pre,BLG
56,2,pre,BLG
68,2,pre,BLG
60,2,pre,BLG
60,2,pre,BLG
61,2,pre,BLG
60,2,pre,BLG
60,2,pre,BLG
60,2,pre,BLG
69,2,pre,BLG
64,2,pre,BLG
64,2,pre,BLG
60,2,pre,BLG
69,2,pre,BLG
67,2,pre,BLG
62,2,pre,BLG
62,2,pre,BLG
63,2,pre,BLG
73,2,pre,BLG
72,2,pre,BLG
71,2,pre,BLG
70,2,pre,BLG
73,2,pre,BLG
79,2,pre,BLG
73,2,pre,BLG
77,2,pre,BLG
73,2,pre,BLG
76,2,pre,BLG
74,2,pre,BLG
70,2,pre,BLG
74,2,pre,BLG
79,2,pre,BLG
79,2,pre,BLG
70,2,pre,BLG
80,2,pre,BLG
83,2,pre,BLG
84,2,pre,BLG
81,2,pre,BLG
86,2,pre,BLG
83,2,pre,BLG
80,2,pre,BLG
86,2,pre,BLG
86,2,pre,BLG
80,2,pre,BLG
89,2,pre,BLG
83,2,pre,BLG
84,2,pre,BLG
85,2,pre,BLG
81,2,pre,BLG
80,2,pre,BLG
83,2,pre,BLG
82,2,pre,BLG
83,2,pre,BLG
85,2,pre,BLG
85,2,pre,BLG
87,2,pre,BLG
84,2,pre,BLG
84,2,pre,BLG
87,2,pre,BLG
87,2,pre,BLG
84,2,pre,BLG
91,2,pre,BLG
92,2,pre,BLG
99,2,pre,BLG
90,2,pre,BLG
91,2,pre,BLG
91,2,pre,BLG
91,2,pre,BLG
91,2,pre,BLG
92,2,pre,BLG
97,2,pre,BLG
91,2,pre,BLG
94,2,pre,BLG
99,2,pre,BLG
98,2,pre,BLG
98,2,pre,BLG
94,2,pre,BLG
94,2,pre,BLG
92,2,pre,BLG
96,2,pre,BLG
98,2,pre,BLG
107,2,pre,BLG
102,2,pre,BLG
106,3,pre,BLG
103,3,pre,BLG
106,3,pre,BLG
105,3,pre,BLG
105,3,pre,BLG
103,3,pre,BLG
108,3,pre,BLG
118,3,pre,BLG
114,3,pre,BLG
116,3,pre,BLG
116,3,pre,BLG
114,3,pre,BLG
125,3,pre,BLG
124,3,pre,BLG
125,3,pre,BLG
128,3,pre,BLG
124,3,pre,BLG
123,3,pre,BLG
130,3,pre,BLG
130,3,pre,BLG
135,3,pre,BLG
137,3,pre,BLG
130,3,pre,BLG
131,3,pre,BLG
139,3,pre,BLG
130,3,pre,BLG
133,3,pre,BLG
137,3,pre,BLG
145,3,pre,BLG
148,3,pre,BLG
149,3,pre,BLG
141,3,pre,BLG
144,3,pre,BLG
143,3,pre,BLG
146,3,pre,BLG
147,3,pre,BLG
144,3,pre,BLG
143,3,pre,BLG
144,3,pre,BLG
144,3,pre,BLG
148,3,pre,BLG
145,3,pre,BLG
149,3,pre,BLG
142,3,pre,BLG
147,3,pre,BLG
141,3,pre,BLG
145,3,pre,BLG
140,3,pre,BLG
140,3,pre,BLG
142,3,pre,BLG
142,3,pre,BLG
152,3,pre,BLG
152,3,pre,BLG
158,3,pre,BLG
159,3,pre,BLG
156,3,pre,BLG
157,3,pre,BLG
156,3,pre,BLG
158,3,pre,BLG
158,3,pre,BLG
159,3,pre,BLG
152,3,pre,BLG
156,3,pre,BLG
154,3,pre,BLG
153,3,pre,BLG
153,3,pre,BLG
153,3,pre,BLG
150,3,pre,BLG
150,3,pre,BLG
161,3,pre,BLG
169,3,pre,BLG
169,3,pre,BLG
169,3,pre,BLG
166,3,pre,BLG
166,3,pre,BLG
160,3,pre,BLG
167,3,pre,BLG
161,3,pre,BLG
163,4,pre,BLG
173,4,pre,BLG
175,4,pre,BLG
172,4,pre,BLG
175,4,pre,BLG
171,4,pre,BLG
179,4,pre,BLG
176,4,pre,BLG
172,4,pre,BLG
170,4,pre,BLG
184,4,pre,BLG
184,4,pre,BLG
181,4,pre,BLG
180,4,pre,BLG
180,4,pre,BLG
186,4,pre,BLG
181,4,pre,BLG
183,4,pre,BLG
184,4,pre,BLG
182,4,pre,BLG
184,4,pre,BLG
190,4,pre,BLG
193,4,pre,BLG
197,4,pre,BLG
190,4,pre,BLG
193,4,pre,BLG
190,4,pre,BLG
195,4,pre,BLG
191,4,pre,BLG
197,4,pre,BLG
202,4,pre,BLG
209,5,pre,BLG
208,5,pre,BLG
204,5,pre,BLG
202,5,pre,BLG
206,5,pre,BLG
204,5,pre,BLG
204,5,pre,BLG
205,5,pre,BLG
206,5,pre,BLG
208,5,pre,BLG
203,5,pre,BLG
205,5,pre,BLG
203,5,pre,BLG
200,5,pre,BLG
207,5,pre,BLG
203,5,pre,BLG
209,5,pre,BLG
207,5,pre,BLG
205,5,pre,BLG
200,5,pre,BLG
202,5,pre,BLG
207,5,pre,BLG
204,5,pre,BLG
208,5,pre,BLG
202,5,pre,BLG
219,5,pre,BLG
210,5,pre,BLG
214,5,pre,BLG
211,5,pre,BLG
210,5,pre,BLG
213,5,pre,BLG
217,5,pre,BLG
215,5,pre,BLG
213,5,pre,BLG
214,5,pre,BLG
210,5,pre,BLG
214,6,pre,BLG
212,6,pre,BLG
210,6,pre,BLG
212,6,pre,BLG
210,6,pre,BLG
215,6,pre,BLG
211,6,pre,BLG
216,6,pre,BLG
219,6,pre,BLG
210,6,pre,BLG
211,6,pre,BLG
216,6,pre,BLG
218,6,pre,BLG
214,6,pre,BLG
211,6,pre,BLG
221,6,pre,BLG
223,6,pre,BLG
225,6,pre,BLG
229,6,pre,BLG
229,6,pre,BLG
223,6,pre,BLG
222,6,pre,BLG
221,6,pre,BLG
226,6,pre,BLG
223,6,pre,BLG
224,6,pre,BLG
225,6,pre,BLG
226,6,pre,BLG
220,6,pre,BLG
224,6,pre,BLG
228,6,pre,BLG
225,6,pre,BLG
221,6,pre,BLG
222,6,pre,BLG
222,6,pre,BLG
224,6,pre,BLG
226,6,pre,BLG
226,6,pre,BLG
223,6,pre,BLG
223,6,pre,BLG
224,6,pre,BLG
224,6,pre,BLG
227,6,pre,BLG
228,6,pre,BLG
226,6,pre,BLG
227,6,pre,BLG
225,6,pre,BLG
221,6,pre,BLG
225,6,pre,BLG
227,6,pre,BLG
220,6,pre,BLG
227,6,pre,BLG
229,7,pre,BLG
226,7,pre,BLG
228,7,pre,BLG
228,7,pre,BLG
231,7,pre,BLG
235,7,pre,BLG
230,7,pre,BLG
239,7,pre,BLG
232,7,pre,BLG
238,7,pre,BLG
235,7,pre,BLG
237,7,pre,BLG
238,7,pre,BLG
236,7,pre,BLG
239,7,pre,BLG
233,7,pre,BLG
239,7,pre,BLG
233,7,pre,BLG
235,7,pre,BLG
233,7,pre,BLG
235,7,pre,BLG
236,7,pre,BLG
233,7,pre,BLG
231,7,pre,BLG
234,7,pre,BLG
232,7,pre,BLG
237,7,pre,BLG
235,7,pre,BLG
230,7,pre,BLG
231,7,pre,BLG
231,7,pre,BLG
232,7,pre,BLG
238,7,pre,BLG
231,7,pre,BLG
237,7,pre,BLG
234,7,pre,BLG
235,7,pre,BLG
230,7,pre,BLG
235,7,pre,BLG
241,7,pre,BLG
244,7,pre,BLG
249,7,pre,BLG
240,7,pre,BLG
240,7,pre,BLG
244,7,pre,BLG
240,7,pre,BLG
248,7,pre,BLG
242,7,pre,BLG
245,7,pre,BLG
249,7,pre,BLG
246,7,pre,BLG
248,7,pre,BLG
241,8,pre,BLG
241,8,pre,BLG
245,8,pre,BLG
249,8,pre,BLG
245,8,pre,BLG
245,8,pre,BLG
242,8,pre,BLG
254,8,pre,BLG
257,8,pre,BLG
255,8,pre,BLG
252,8,pre,BLG
251,8,pre,BLG
253,8,pre,BLG
250,8,pre,BLG
255,8,pre,BLG
252,8,pre,BLG
257,9,pre,BLG
259,9,pre,BLG
250,9,pre,BLG
256,9,pre,BLG
255,9,pre,BLG
254,10,pre,BLG
256,10,pre,BLG
268,10,pre,BLG
261,10,pre,BLG
268,10,pre,BLG
262,,pre,BLG
262,,pre,BLG
278,,pre,BLG
279,,pre,BLG
277,,pre,BLG
278,,pre,BLG
40,1,post,BLG
41,1,post,BLG
42,1,post,BLG
44,1,post,BLG
48,1,post,BLG
40,1,post,BLG
42,1,post,BLG
43,1,post,BLG
48,1,post,BLG
40,1,post,BLG
49,1,post,BLG
49,1,post,BLG
41,1,post,BLG
44,1,post,BLG
46,1,post,BLG
43,1,post,BLG
45,1,post,BLG
45,1,post,BLG
45,1,post,BLG
59,1,post,BLG
51,1,post,BLG
55,1,post,BLG
55,1,post,BLG
56,1,post,BLG
50,1,post,BLG
58,1,post,BLG
55,1,post,BLG
57,1,post,BLG
58,1,post,BLG
59,1,post,BLG
58,1,post,BLG
55,1,post,BLG
59,1,post,BLG
50,1,post,BLG
51,1,post,BLG
57,1,post,BLG
51,1,post,BLG
57,1,post,BLG
54,1,post,BLG
57,1,post,BLG
51,1,post,BLG
50,1,post,BLG
52,1,post,BLG
52,1,post,BLG
55,2,post,BLG
56,2,post,BLG
58,2,post,BLG
53,2,post,BLG
51,2,post,BLG
57,2,post,BLG
59,2,post,BLG
51,2,post,BLG
55,2,post,BLG
58,2,post,BLG
51,2,post,BLG
54,2,post,BLG
50,2,post,BLG
51,2,post,BLG
54,2,post,BLG
59,2,post,BLG
59,2,post,BLG
53,2,post,BLG
51,2,post,BLG
56,2,post,BLG
56,2,post,BLG
62,2,post,BLG
62,2,post,BLG
63,2,post,BLG
64,2,post,BLG
69,2,post,BLG
63,2,post,BLG
69,2,post,BLG
65,2,post,BLG
68,2,post,BLG
66,2,post,BLG
67,2,post,BLG
60,2,post,BLG
69,2,post,BLG
69,2,post,BLG
65,2,post,BLG
62,2,post,BLG
69,2,post,BLG
65,2,post,BLG
69,2,post,BLG
62,2,post,BLG
61,2,post,BLG
62,2,post,BLG
64,2,post,BLG
62,2,post,BLG
65,2,post,BLG
63,2,post,BLG
66,2,post,BLG
63,2,post,BLG
62,2,post,BLG
63,2,post,BLG
79,2,post,BLG
75,2,post,BLG
74,2,post,BLG
74,2,post,BLG
76,2,post,BLG
77,2,post,BLG
75,2,post,BLG
79,2,post,BLG
77,2,post,BLG
75,2,post,BLG
75,2,post,BLG
75,2,post,BLG
77,2,post,BLG
73,2,post,BLG
78,2,post,BLG
73,2,post,BLG
75,2,post,BLG
77,2,post,BLG
70,2,post,BLG
78,2,post,BLG
77,2,post,BLG
71,2,post,BLG
73,2,post,BLG
74,2,post,BLG
75,2,post,BLG
76,2,post,BLG
72,2,post,BLG
72,2,post,BLG
77,2,post,BLG
78,2,post,BLG
74,2,post,BLG
74,2,post,BLG
75,2,post,BLG
77,2,post,BLG
73,2,post,BLG
78,2,post,BLG
74,2,post,BLG
79,2,post,BLG
76,2,post,BLG
72,2,post,BLG
77,2,post,BLG
72,2,post,BLG
73,2,post,BLG
72,2,post,BLG
75,2,post,BLG
73,2,post,BLG
74,2,post,BLG
70,2,post,BLG
79,2,post,BLG
74,2,post,BLG
75,2,post,BLG
72,2,post,BLG
76,2,post,BLG
73,2,post,BLG
74,2,post,BLG
73,2,post,BLG
75,2,post,BLG
79,2,post,BLG
79,2,post,BLG
75,2,post,BLG
77,2,post,BLG
77,2,post,BLG
76,2,post,BLG
77,2,post,BLG
73,2,post,BLG
74,2,post,BLG
76,2,post,BLG
78,2,post,BLG
75,2,post,BLG
72,2,post,BLG
73,2,post,BLG
73,2,post,BLG
72,2,post,BLG
70,2,post,BLG
74,2,post,BLG
76,2,post,BLG
77,2,post,BLG
77,2,post,BLG
71,2,post,BLG
72,2,post,BLG
77,2,post,BLG
71,2,post,BLG
79,2,post,BLG
70,2,post,BLG
78,2,post,BLG
76,2,post,BLG
76,2,post,BLG
77,2,post,BLG
77,2,post,BLG
71,2,post,BLG
73,2,post,BLG
72,2,post,BLG
76,2,post,BLG
79,2,post,BLG
78,2,post,BLG
71,2,post,BLG
74,2,post,BLG
70,2,post,BLG
79,2,post,BLG
70,2,post,BLG
74,2,post,BLG
71,2,post,BLG
72,2,post,BLG
79,2,post,BLG
73,2,post,BLG
78,2,post,BLG
74,2,post,BLG
72,2,post,BLG
77,2,post,BLG
70,2,post,BLG
78,2,post,BLG
77,2,post,BLG
74,2,post,BLG
77,2,post,BLG
76,2,post,BLG
71,2,post,BLG
71,2,post,BLG
79,2,post,BLG
77,2,post,BLG
72,2,post,BLG
72,2,post,BLG
71,2,post,BLG
76,2,post,BLG
70,2,post,BLG
73,2,post,BLG
79,2,post,BLG
72,2,post,BLG
73,2,post,BLG
75,2,post,BLG
78,2,post,BLG
71,2,post,BLG
78,2,post,BLG
76,2,post,BLG
79,2,post,BLG
71,2,post,BLG
76,2,post,BLG
74,2,post,BLG
74,2,post,BLG
74,2,post,BLG
72,2,post,BLG
75,2,post,BLG
72,2,post,BLG
76,2,post,BLG
81,2,post,BLG
86,2,post,BLG
80,2,post,BLG
84,2,post,BLG
81,2,post,BLG
89,2,post,BLG
86,2,post,BLG
83,2,post,BLG
81,2,post,BLG
82,2,post,BLG
86,2,post,BLG
85,2,post,BLG
85,2,post,BLG
87,2,post,BLG
86,2,post,BLG
88,2,post,BLG
81,2,post,BLG
80,2,post,BLG
86,2,post,BLG
84,2,post,BLG
81,2,post,BLG
81,2,post,BLG
87,2,post,BLG
82,2,post,BLG
82,2,post,BLG
87,2,post,BLG
89,2,post,BLG
85,2,post,BLG
80,2,post,BLG
84,2,post,BLG
89,2,post,BLG
82,2,post,BLG
88,2,post,BLG
85,2,post,BLG
80,2,post,BLG
88,2,post,BLG
87,2,post,BLG
87,2,post,BLG
81,2,post,BLG
81,2,post,BLG
89,2,post,BLG
87,2,post,BLG
87,2,post,BLG
83,2,post,BLG
85,2,post,BLG
80,2,post,BLG
87,2,post,BLG
82,2,post,BLG
85,2,post,BLG
82,2,post,BLG
81,2,post,BLG
86,2,post,BLG
83,2,post,BLG
80,2,post,BLG
85,2,post,BLG
89,2,post,BLG
87,2,post,BLG
85,2,post,BLG
87,2,post,BLG
85,2,post,BLG
80,2,post,BLG
83,2,post,BLG
83,2,post,BLG
88,2,post,BLG
85,2,post,BLG
80,2,post,BLG
87,2,post,BLG
83,2,post,BLG
86,2,post,BLG
81,2,post,BLG
84,2,post,BLG
81,2,post,BLG
85,2,post,BLG
80,2,post,BLG
89,2,post,BLG
85,2,post,BLG
86,2,post,BLG
80,2,post,BLG
80,2,post,BLG
83,2,post,BLG
81,2,post,BLG
82,2,post,BLG
82,2,post,BLG
82,2,post,BLG
80,2,post,BLG
85,2,post,BLG
84,2,post,BLG
85,2,post,BLG
82,2,post,BLG
80,2,post,BLG
82,2,post,BLG
89,2,post,BLG
85,2,post,BLG
83,2,post,BLG
85,2,post,BLG
80,2,post,BLG
81,2,post,BLG
87,2,post,BLG
89,2,post,BLG
81,2,post,BLG
84,2,post,BLG
89,2,post,BLG
84,2,post,BLG
82,2,post,BLG
84,2,post,BLG
81,2,post,BLG
85,2,post,BLG
80,2,post,BLG
82,2,post,BLG
87,2,post,BLG
88,2,post,BLG
82,2,post,BLG
82,2,post,BLG
84,2,post,BLG
84,2,post,BLG
86,2,post,BLG
88,2,post,BLG
85,2,post,BLG
82,2,post,BLG
85,2,post,BLG
88,2,post,BLG
86,2,post,BLG
85,2,post,BLG
87,2,post,BLG
87,2,post,BLG
85,2,post,BLG
83,2,post,BLG
81,2,post,BLG
80,2,post,BLG
86,2,post,BLG
83,3,post,BLG
88,3,post,BLG
87,3,post,BLG
88,3,post,BLG
82,3,post,BLG
85,3,post,BLG
82,3,post,BLG
85,3,post,BLG
89,3,post,BLG
88,3,post,BLG
89,3,post,BLG
80,3,post,BLG
80,3,post,BLG
86,3,post,BLG
86,3,post,BLG
80,3,post,BLG
81,3,post,BLG
83,3,post,BLG
87,3,post,BLG
84,3,post,BLG
80,3,post,BLG
83,3,post,BLG
81,3,post,BLG
81,3,post,BLG
80,3,post,BLG
83,3,post,BLG
81,3,post,BLG
80,3,post,BLG
85,3,post,BLG
89,3,post,BLG
81,3,post,BLG
88,3,post,BLG
87,3,post,BLG
83,3,post,BLG
82,3,post,BLG
84,3,post,BLG
82,3,post,BLG
81,3,post,BLG
82,3,post,BLG
82,3,post,BLG
80,3,post,BLG
85,3,post,BLG
85,3,post,BLG
82,3,post,BLG
83,3,post,BLG
85,3,post,BLG
81,3,post,BLG
85,3,post,BLG
83,3,post,BLG
87,3,post,BLG
82,3,post,BLG
84,3,post,BLG
84,3,post,BLG
80,3,post,BLG
88,3,post,BLG
85,3,post,BLG
87,3,post,BLG
85,3,post,BLG
86,3,post,BLG
89,3,post,BLG
89,3,post,BLG
89,3,post,BLG
88,3,post,BLG
86,3,post,BLG
82,3,post,BLG
83,3,post,BLG
83,3,post,BLG
88,3,post,BLG
87,3,post,BLG
85,3,post,BLG
84,3,post,BLG
86,3,post,BLG
86,3,post,BLG
85,3,post,BLG
80,3,post,BLG
85,3,post,BLG
86,3,post,BLG
87,3,post,BLG
89,3,post,BLG
84,3,post,BLG
84,3,post,BLG
97,3,post,BLG
93,3,post,BLG
90,3,post,BLG
95,3,post,BLG
91,3,post,BLG
99,3,post,BLG
96,3,post,BLG
98,3,post,BLG
99,3,post,BLG
90,3,post,BLG
98,3,post,BLG
91,3,post,BLG
94,3,post,BLG
92,3,post,BLG
97,3,post,BLG
93,3,post,BLG
98,3,post,BLG
90,3,post,BLG
91,3,post,BLG
95,3,post,BLG
97,3,post,BLG
91,3,post,BLG
95,3,post,BLG
92,3,post,BLG
99,3,post,BLG
99,3,post,BLG
93,3,post,BLG
97,3,post,BLG
90,3,post,BLG
94,3,post,BLG
93,3,post,BLG
92,3,post,BLG
97,3,post,BLG
93,3,post,BLG
99,3,post,BLG
91,3,post,BLG
92,3,post,BLG
91,3,post,BLG
91,3,post,BLG
97,3,post,BLG
95,3,post,BLG
92,3,post,BLG
95,3,post,BLG
95,3,post,BLG
94,3,post,BLG
97,3,post,BLG
97,3,post,BLG
99,3,post,BLG
99,3,post,BLG
91,3,post,BLG
91,3,post,BLG
92,3,post,BLG
90,3,post,BLG
93,3,post,BLG
93,3,post,BLG
97,3,post,BLG
96,3,post,BLG
99,3,post,BLG
98,3,post,BLG
96,3,post,BLG
98,3,post,BLG
94,3,post,BLG
95,3,post,BLG
91,3,post,BLG
95,3,post,BLG
96,3,post,BLG
99,3,post,BLG
94,3,post,BLG
93,3,post,BLG
98,3,post,BLG
92,3,post,BLG
91,3,post,BLG
93,3,post,BLG
95,3,post,BLG
98,3,post,BLG
94,3,post,BLG
92,3,post,BLG
96,3,post,BLG
92,3,post,BLG
91,3,post,BLG
99,3,post,BLG
97,3,post,BLG
91,3,post,BLG
91,3,post,BLG
90,3,post,BLG
90,3,post,BLG
90,3,post,BLG
90,3,post,BLG
98,3,post,BLG
97,3,post,BLG
91,3,post,BLG
90,3,post,BLG
95,3,post,BLG
95,3,post,BLG
96,3,post,BLG
99,3,post,BLG
98,3,post,BLG
92,3,post,BLG
98,3,post,BLG
97,3,post,BLG
98,3,post,BLG
94,3,post,BLG
97,3,post,BLG
99,3,post,BLG
96,3,post,BLG
97,3,post,BLG
92,3,post,BLG
99,3,post,BLG
97,3,post,BLG
95,3,post,BLG
99,3,post,BLG
91,3,post,BLG
96,3,post,BLG
96,3,post,BLG
93,3,post,BLG
98,3,post,BLG
93,3,post,BLG
94,3,post,BLG
92,3,post,BLG
92,3,post,BLG
93,3,post,BLG
91,3,post,BLG
94,3,post,BLG
98,3,post,BLG
99,3,post,BLG
90,3,post,BLG
95,3,post,BLG
94,3,post,BLG
98,3,post,BLG
99,3,post,BLG
97,3,post,BLG
99,3,post,BLG
92,3,post,BLG
98,3,post,BLG
97,3,post,BLG
96,3,post,BLG
91,3,post,BLG
91,3,post,BLG
99,3,post,BLG
97,3,post,BLG
94,3,post,BLG
95,3,post,BLG
94,3,post,BLG
99,4,post,BLG
97,4,post,BLG
91,4,post,BLG
93,4,post,BLG
92,4,post,BLG
93,4,post,BLG
96,4,post,BLG
96,4,post,BLG
98,4,post,BLG
90,4,post,BLG
96,4,post,BLG
99,4,post,BLG
94,4,post,BLG
93,4,post,BLG
93,4,post,BLG
98,4,post,BLG
96,4,post,BLG
96,4,post,BLG
92,4,post,BLG
102,5,post,BLG
109,5,post,BLG
107,5,post,BLG
105,5,post,BLG
107,5,post,BLG
104,5,post,BLG
103,6,post,BLG
106,6,post,BLG
104,6,post,BLG
108,7,post,BLG
105,7,post,BLG
102,7,post,BLG
101,7,post,BLG
108,7,post,BLG
100,7,post,BLG
107,8,post,BLG
106,8,post,BLG
104,8,post,BLG
104,,post,BLG
104,,post,BLG
109,,post,BLG
102,,post,BLG
102,,post,BLG
105,,post,BLG
105,,post,BLG
109,,post,BLG
100,,post,BLG
106,,post,BLG
106,,post,BLG
109,,post,BLG
105,,post,BLG
109,,post,BLG
102,,post,BLG
108,,post,BLG
109,,post,BLG
105,,post,BLG
101,,post,BLG
103,,post,BLG
105,,post,BLG
105,,post,BLG
106,,post,BLG
109,,post,BLG
101,,post,BLG
106,,post,BLG
104,,post,BLG
105,,post,BLG
106,,post,BLG
103,,post,BLG
108,,post,BLG
107,,post,BLG
105,,post,BLG
101,,post,BLG
109,,post,BLG
104,,post,BLG
108,,post,BLG
104,,post,BLG
103,,post,BLG
104,,post,BLG
100,,post,BLG
101,,post,BLG
105,,post,BLG
103,,post,BLG
100,,post,BLG
107,,post,BLG
104,,post,BLG
108,,post,BLG
105,,post,BLG
102,,post,BLG
107,,post,BLG
107,,post,BLG
105,,post,BLG
102,,post,BLG
101,,post,BLG
107,,post,BLG
103,,post,BLG
109,,post,BLG
104,,post,BLG
103,,post,BLG
108,,post,BLG
107,,post,BLG
104,,post,BLG
106,,post,BLG
104,,post,BLG
108,,post,BLG
104,,post,BLG
109,,post,BLG
108,,post,BLG
103,,post,BLG
108,,post,BLG
100,,post,BLG
101,,post,BLG
102,,post,BLG
101,,post,BLG
105,,post,BLG
104,,post,BLG
115,,post,BLG
116,,post,BLG
111,,post,BLG
117,,post,BLG
117,,post,BLG
117,,post,BLG
112,,post,BLG
111,,post,BLG
112,,post,BLG
117,,post,BLG
113,,post,BLG
117,,post,BLG
110,,post,BLG
110,,post,BLG
114,,post,BLG
114,,post,BLG
119,,post,BLG
118,,post,BLG
113,,post,BLG
112,,post,BLG
118,,post,BLG
118,,post,BLG
115,,post,BLG
111,,post,BLG
113,,post,BLG
115,,post,BLG
116,,post,BLG
113,,post,BLG
114,,post,BLG
115,,post,BLG
117,,post,BLG
118,,post,BLG
113,,post,BLG
113,,post,BLG
119,,post,BLG
112,,post,BLG
119,,post,BLG
113,,post,BLG
111,,post,BLG
110,,post,BLG
113,,post,BLG
115,,post,BLG
114,,post,BLG
114,,post,BLG
114,,post,BLG
118,,post,BLG
115,,post,BLG
110,,post,BLG
117,,post,BLG
119,,post,BLG
110,,post,BLG
114,,post,BLG
110,,post,BLG
111,,post,BLG
116,,post,BLG
114,,post,BLG
119,,post,BLG
117,,post,BLG
116,,post,BLG
118,,post,BLG
111,,post,BLG
117,,post,BLG
114,,post,BLG
117,,post,BLG
115,,post,BLG
111,,post,BLG
117,,post,BLG
116,,post,BLG
110,,post,BLG
116,,post,BLG
114,,post,BLG
110,,post,BLG
118,,post,BLG
113,,post,BLG
115,,post,BLG
125,,post,BLG
128,,post,BLG
120,,post,BLG
124,,post,BLG
127,,post,BLG
128,,post,BLG
126,,post,BLG
126,,post,BLG
123,,post,BLG
121,,post,BLG
126,,post,BLG
126,,post,BLG
127,,post,BLG
120,,post,BLG
127,,post,BLG
129,,post,BLG
127,,post,BLG
124,,post,BLG
127,,post,BLG
125,,post,BLG
128,,post,BLG
122,,post,BLG
121,,post,BLG
128,,post,BLG
122,,post,BLG
122,,post,BLG
128,,post,BLG
121,,post,BLG
129,,post,BLG
123,,post,BLG
123,,post,BLG
129,,post,BLG
125,,post,BLG
123,,post,BLG
124,,post,BLG
128,,post,BLG
123,,post,BLG
121,,post,BLG
121,,post,BLG
124,,post,BLG
128,,post,BLG
120,,post,BLG
125,,post,BLG
124,,post,BLG
120,,post,BLG
129,,post,BLG
127,,post,BLG
124,,post,BLG
126,,post,BLG
124,,post,BLG
129,,post,BLG
126,,post,BLG
127,,post,BLG
120,,post,BLG
122,,post,BLG
127,,post,BLG
121,,post,BLG
123,,post,BLG
125,,post,BLG
121,,post,BLG
124,,post,BLG
120,,post,BLG
128,,post,BLG
120,,post,BLG
129,,post,BLG
123,,post,BLG
125,,post,BLG
122,,post,BLG
120,,post,BLG
129,,post,BLG
124,,post,BLG
125,,post,BLG
127,,post,BLG
129,,post,BLG
125,,post,BLG
129,,post,BLG
128,,post,BLG
128,,post,BLG
121,,post,BLG
124,,post,BLG
126,,post,BLG
120,,post,BLG
122,,post,BLG
134,,post,BLG
132,,post,BLG
131,,post,BLG
135,,post,BLG
134,,post,BLG
139,,post,BLG
133,,post,BLG
130,,post,BLG
139,,post,BLG
134,,post,BLG
139,,post,BLG
136,,post,BLG
136,,post,BLG
130,,post,BLG
137,,post,BLG
132,,post,BLG
136,,post,BLG
130,,post,BLG
138,,post,BLG
132,,post,BLG
135,,post,BLG
137,,post,BLG
131,,post,BLG
138,,post,BLG
135,,post,BLG
136,,post,BLG
138,,post,BLG
134,,post,BLG
136,,post,BLG
133,,post,BLG
130,,post,BLG
134,,post,BLG
130,,post,BLG
137,,post,BLG
131,,post,BLG
132,,post,BLG
135,,post,BLG
137,,post,BLG
138,,post,BLG
131,,post,BLG
132,,post,BLG
139,,post,BLG
130,,post,BLG
130,,post,BLG
134,,post,BLG
132,,post,BLG
134,,post,BLG
135,,post,BLG
137,,post,BLG
139,,post,BLG
137,,post,BLG
133,,post,BLG
130,,post,BLG
139,,post,BLG
130,,post,BLG
137,,post,BLG
133,,post,BLG
130,,post,BLG
137,,post,BLG
136,,post,BLG
135,,post,BLG
132,,post,BLG
139,,post,BLG
135,,post,BLG
131,,post,BLG
133,,post,BLG
130,,post,BLG
130,,post,BLG
135,,post,BLG
134,,post,BLG
130,,post,BLG
135,,post,BLG
134,,post,BLG
138,,post,BLG
139,,post,BLG
139,,post,BLG
132,,post,BLG
134,,post,BLG
135,,post,BLG
133,,post,BLG
135,,post,BLG
136,,post,BLG
135,,post,BLG
130,,post,BLG
133,,post,BLG
146,,post,BLG
147,,post,BLG
146,,post,BLG
149,,post,BLG
146,,post,BLG
143,,post,BLG
141,,post,BLG
141,,post,BLG
147,,post,BLG
141,,post,BLG
149,,post,BLG
142,,post,BLG
147,,post,BLG
144,,post,BLG
141,,post,BLG
145,,post,BLG
149,,post,BLG
145,,post,BLG
142,,post,BLG
140,,post,BLG
142,,post,BLG
146,,post,BLG
141,,post,BLG
140,,post,BLG
149,,post,BLG
146,,post,BLG
141,,post,BLG
141,,post,BLG
141,,post,BLG
149,,post,BLG
140,,post,BLG
149,,post,BLG
145,,post,BLG
144,,post,BLG
141,,post,BLG
149,,post,BLG
146,,post,BLG
149,,post,BLG
147,,post,BLG
144,,post,BLG
143,,post,BLG
145,,post,BLG
158,,post,BLG
157,,post,BLG
152,,post,BLG
158,,post,BLG
156,,post,BLG
154,,post,BLG
151,,post,BLG
157,,post,BLG
152,,post,BLG
153,,post,BLG
153,,post,BLG
155,,post,BLG
158,,post,BLG
150,,post,BLG
150,,post,BLG
156,,post,BLG
150,,post,BLG
152,,post,BLG
156,,post,BLG
154,,post,BLG
160,,post,BLG
166,,post,BLG
167,,post,BLG
166,,post,BLG
168,,post,BLG
167,,post,BLG
164,,post,BLG
160,,post,BLG
167,,post,BLG
160,,post,BLG
161,,post,BLG
164,,post,BLG
166,,post,BLG
165,,post,BLG
164,,post,BLG
167,,post,BLG
165,,post,BLG
165,,post,BLG
174,,post,BLG
173,,post,BLG
176,,post,BLG
174,,post,BLG
173,,post,BLG
176,,post,BLG
187,,post,BLG
182,,post,BLG
186,,post,BLG
186,,post,BLG
186,,post,BLG
188,,post,BLG
185,,post,BLG
180,,post,BLG
190,,post,BLG
198,,post,BLG
196,,post,BLG
194,,post,BLG
192,,post,BLG
193,,post,BLG
192,,post,BLG
192,,post,BLG
200,,post,BLG
204,,post,BLG
205,,post,BLG
200,,post,BLG
203,,post,BLG
209,,post,BLG
200,,post,BLG
208,,post,BLG
218,,post,BLG
212,,post,BLG
214,,post,BLG
216,,post,BLG
217,,post,BLG
216,,post,BLG
218,,post,BLG
216,,post,BLG
214,,post,BLG
213,,post,BLG
225,,post,BLG
227,,post,BLG
221,,post,BLG
229,,post,BLG
224,,post,BLG
223,,post,BLG
231,,post,BLG
239,,post,BLG
238,,post,BLG
239,,post,BLG
234,,post,BLG
237,,post,BLG
235,,post,BLG
235,,post,BLG
245,,post,BLG
241,,post,BLG
247,,post,BLG
249,,post,BLG
250,,post,BLG
259,,post,BLG
255,,post,BLG
257,,post,BLG
257,,post,BLG
252,,post,BLG
266,,post,BLG
269,,post,BLG
263,,post,BLG
266,,post,BLG
63,1,pre,LMB
65,1,pre,LMB
61,1,pre,LMB
62,1,pre,LMB
62,1,pre,LMB
63,1,pre,LMB
61,1,pre,LMB
60,1,pre,LMB
61,1,pre,LMB
65,1,pre,LMB
71,1,pre,LMB
74,1,pre,LMB
74,1,pre,LMB
74,1,pre,LMB
74,1,pre,LMB
70,1,pre,LMB
79,1,pre,LMB
75,1,pre,LMB
72,1,pre,LMB
75,1,pre,LMB
85,1,pre,LMB
88,1,pre,LMB
89,1,pre,LMB
84,1,pre,LMB
84,1,pre,LMB
97,1,pre,LMB
98,1,pre,LMB
97,1,pre,LMB
90,1,pre,LMB
93,1,pre,LMB
104,1,pre,LMB
110,1,pre,LMB
122,1,pre,LMB
133,2,pre,LMB
140,2,pre,LMB
151,2,pre,LMB
156,2,pre,LMB
151,2,pre,LMB
169,2,pre,LMB
160,2,pre,LMB
166,2,pre,LMB
165,2,pre,LMB
167,2,pre,LMB
170,2,pre,LMB
175,2,pre,LMB
174,2,pre,LMB
189,2,pre,LMB
180,2,pre,LMB
194,2,pre,LMB
198,2,pre,LMB
207,3,pre,LMB
209,3,pre,LMB
216,3,pre,LMB
212,3,pre,LMB
213,3,pre,LMB
225,3,pre,LMB
237,3,pre,LMB
234,3,pre,LMB
248,3,pre,LMB
242,3,pre,LMB
241,3,pre,LMB
258,3,pre,LMB
256,3,pre,LMB
255,3,pre,LMB
256,3,pre,LMB
263,3,pre,LMB
263,3,pre,LMB
268,3,pre,LMB
260,3,pre,LMB
260,3,pre,LMB
272,4,pre,LMB
273,4,pre,LMB
278,4,pre,LMB
281,4,pre,LMB
289,4,pre,LMB
284,4,pre,LMB
289,4,pre,LMB
284,4,pre,LMB
281,4,pre,LMB
298,4,pre,LMB
293,4,pre,LMB
307,4,pre,LMB
304,4,pre,LMB
305,4,pre,LMB
304,4,pre,LMB
305,4,pre,LMB
311,4,pre,LMB
313,4,pre,LMB
328,4,pre,LMB
321,4,pre,LMB
328,4,pre,LMB
320,4,pre,LMB
320,5,pre,LMB
326,5,pre,LMB
335,5,pre,LMB
330,5,pre,LMB
339,5,pre,LMB
330,5,pre,LMB
339,5,pre,LMB
337,5,pre,LMB
334,5,pre,LMB
344,5,pre,LMB
346,5,pre,LMB
343,5,pre,LMB
344,5,pre,LMB
343,5,pre,LMB
347,5,pre,LMB
342,5,pre,LMB
348,5,pre,LMB
341,5,pre,LMB
349,5,pre,LMB
343,5,pre,LMB
349,5,pre,LMB
346,5,pre,LMB
347,5,pre,LMB
341,5,pre,LMB
346,5,pre,LMB
352,5,pre,LMB
359,5,pre,LMB
358,5,pre,LMB
353,6,pre,LMB
353,6,pre,LMB
355,6,pre,LMB
353,6,pre,LMB
357,6,pre,LMB
352,6,pre,LMB
352,6,pre,LMB
358,6,pre,LMB
364,6,pre,LMB
363,6,pre,LMB
369,6,pre,LMB
363,6,pre,LMB
364,6,pre,LMB
367,6,pre,LMB
363,6,pre,LMB
364,6,pre,LMB
364,6,pre,LMB
362,6,pre,LMB
368,6,pre,LMB
369,6,pre,LMB
362,6,pre,LMB
367,6,pre,LMB
366,6,pre,LMB
368,6,pre,LMB
363,6,pre,LMB
364,6,pre,LMB
364,6,pre,LMB
367,6,pre,LMB
367,6,pre,LMB
368,6,pre,LMB
375,6,pre,LMB
371,6,pre,LMB
377,6,pre,LMB
378,6,pre,LMB
374,6,pre,LMB
374,6,pre,LMB
370,6,pre,LMB
375,6,pre,LMB
374,6,pre,LMB
375,7,pre,LMB
371,7,pre,LMB
374,7,pre,LMB
378,7,pre,LMB
373,7,pre,LMB
379,7,pre,LMB
376,7,pre,LMB
378,7,pre,LMB
386,7,pre,LMB
387,7,pre,LMB
381,7,pre,LMB
389,7,pre,LMB
386,7,pre,LMB
384,7,pre,LMB
388,7,pre,LMB
380,7,pre,LMB
388,7,pre,LMB
393,7,pre,LMB
395,7,pre,LMB
398,7,pre,LMB
400,7,pre,LMB
411,7,pre,LMB
414,7,pre,LMB
413,7,pre,LMB
545,7,pre,LMB
,7,pre,LMB
,7,pre,LMB
,7,pre,LMB
,8,pre,LMB
,8,pre,LMB
67,1,post,LMB
71,1,post,LMB
77,1,post,LMB
70,1,post,LMB
70,1,post,LMB
70,1,post,LMB
78,1,post,LMB
87,1,post,LMB
84,2,post,LMB
98,2,post,LMB
97,2,post,LMB
104,2,post,LMB
119,2,post,LMB
122,2,post,LMB
132,2,post,LMB
147,2,post,LMB
140,2,post,LMB
148,2,post,LMB
147,2,post,LMB
145,2,post,LMB
155,2,post,LMB
157,2,post,LMB
151,2,post,LMB
156,2,post,LMB
155,2,post,LMB
158,2,post,LMB
155,2,post,LMB
160,2,post,LMB
167,2,post,LMB
163,2,post,LMB
161,2,post,LMB
163,2,post,LMB
169,2,post,LMB
160,2,post,LMB
163,2,post,LMB
161,2,post,LMB
160,2,post,LMB
161,2,post,LMB
169,2,post,LMB
163,2,post,LMB
162,2,post,LMB
169,2,post,LMB
176,2,post,LMB
173,3,post,LMB
179,3,post,LMB
175,3,post,LMB
177,3,post,LMB
179,3,post,LMB
177,3,post,LMB
171,3,post,LMB
170,3,post,LMB
171,3,post,LMB
177,3,post,LMB
178,3,post,LMB
185,3,post,LMB
180,3,post,LMB
183,3,post,LMB
198,3,post,LMB
201,3,post,LMB
206,3,post,LMB
209,3,post,LMB
212,3,post,LMB
212,3,post,LMB
224,3,post,LMB
229,3,post,LMB
235,3,post,LMB
236,3,post,LMB
236,4,post,LMB
231,4,post,LMB
236,4,post,LMB
238,4,post,LMB
247,4,post,LMB
240,4,post,LMB
247,4,post,LMB
247,5,post,LMB
240,5,post,LMB
241,5,post,LMB
240,5,post,LMB
242,5,post,LMB
246,5,post,LMB
241,5,post,LMB
244,5,post,LMB
246,6,post,LMB
241,6,post,LMB
250,6,post,LMB
250,6,post,LMB
259,7,post,LMB
256,7,post,LMB
254,8,post,LMB
258,,post,LMB
253,,post,LMB
265,,post,LMB
267,,post,LMB
261,,post,LMB
266,,post,LMB
268,,post,LMB
276,,post,LMB
274,,post,LMB
270,,post,LMB
271,,post,LMB
274,,post,LMB
271,,post,LMB
277,,post,LMB
270,,post,LMB
281,,post,LMB
289,,post,LMB
286,,post,LMB
286,,post,LMB
281,,post,LMB
290,,post,LMB
309,,post,LMB
305,,post,LMB
301,,post,LMB
308,,post,LMB
304,,post,LMB
312,,post,LMB
319,,post,LMB
325,,post,LMB
325,,post,LMB
332,,post,LMB
338,,post,LMB
335,,post,LMB
358,,post,LMB
353,,post,LMB
366,,post,LMB
361,,post,LMB
366,,post,LMB
389,,post,LMB
382,,post,LMB
381,,post,LMB
398,,post,LMB
409,,post,LMB
406,,post,LMB
404,,post,LMB
418,,post,LMB
413,,post,LMB
434,,post,LMB
50,1,pre,PKS
52,1,pre,PKS
56,1,pre,PKS
56,1,pre,PKS
59,1,pre,PKS
57,1,pre,PKS
56,1,pre,PKS
55,1,pre,PKS
51,1,pre,PKS
52,1,pre,PKS
57,1,pre,PKS
55,1,pre,PKS
58,1,pre,PKS
56,1,pre,PKS
58,1,pre,PKS
59,1,pre,PKS
54,1,pre,PKS
52,1,pre,PKS
59,1,pre,PKS
59,1,pre,PKS
64,1,pre,PKS
69,1,pre,PKS
63,1,pre,PKS
62,1,pre,PKS
65,1,pre,PKS
77,1,pre,PKS
74,1,pre,PKS
78,1,pre,PKS
73,1,pre,PKS
74,1,pre,PKS
71,1,pre,PKS
73,1,pre,PKS
74,1,pre,PKS
70,1,pre,PKS
71,1,pre,PKS
72,1,pre,PKS
77,1,pre,PKS
70,1,pre,PKS
71,1,pre,PKS
77,1,pre,PKS
74,1,pre,PKS
76,1,pre,PKS
77,1,pre,PKS
77,1,pre,PKS
75,1,pre,PKS
70,1,pre,PKS
76,1,pre,PKS
72,1,pre,PKS
74,1,pre,PKS
79,1,pre,PKS
77,1,pre,PKS
74,1,pre,PKS
77,1,pre,PKS
75,1,pre,PKS
79,1,pre,PKS
74,1,pre,PKS
79,1,pre,PKS
79,1,pre,PKS
76,1,pre,PKS
78,1,pre,PKS
71,1,pre,PKS
73,1,pre,PKS
78,1,pre,PKS
88,2,pre,PKS
83,2,pre,PKS
87,2,pre,PKS
85,2,pre,PKS
86,2,pre,PKS
87,2,pre,PKS
84,2,pre,PKS
86,2,pre,PKS
89,2,pre,PKS
80,2,pre,PKS
87,2,pre,PKS
85,2,pre,PKS
80,2,pre,PKS
86,2,pre,PKS
87,2,pre,PKS
88,2,pre,PKS
89,2,pre,PKS
87,2,pre,PKS
86,2,pre,PKS
82,2,pre,PKS
80,2,pre,PKS
81,2,pre,PKS
81,2,pre,PKS
81,2,pre,PKS
83,2,pre,PKS
85,2,pre,PKS
86,2,pre,PKS
83,2,pre,PKS
81,2,pre,PKS
85,2,pre,PKS
83,2,pre,PKS
83,2,pre,PKS
87,2,pre,PKS
80,2,pre,PKS
82,2,pre,PKS
81,2,pre,PKS
88,2,pre,PKS
89,2,pre,PKS
81,2,pre,PKS
80,2,pre,PKS
84,2,pre,PKS
81,2,pre,PKS
80,2,pre,PKS
85,2,pre,PKS
83,2,pre,PKS
80,2,pre,PKS
85,2,pre,PKS
83,2,pre,PKS
93,2,pre,PKS
94,2,pre,PKS
94,2,pre,PKS
99,2,pre,PKS
96,2,pre,PKS
99,2,pre,PKS
92,2,pre,PKS
95,2,pre,PKS
96,2,pre,PKS
93,2,pre,PKS
92,2,pre,PKS
97,2,pre,PKS
91,2,pre,PKS
95,2,pre,PKS
93,2,pre,PKS
91,2,pre,PKS
95,2,pre,PKS
93,2,pre,PKS
95,2,pre,PKS
93,2,pre,PKS
96,2,pre,PKS
94,2,pre,PKS
91,2,pre,PKS
98,2,pre,PKS
93,2,pre,PKS
105,2,pre,PKS
106,2,pre,PKS
101,2,pre,PKS
107,2,pre,PKS
102,2,pre,PKS
105,2,pre,PKS
105,2,pre,PKS
103,2,pre,PKS
107,2,pre,PKS
107,2,pre,PKS
101,2,pre,PKS
106,2,pre,PKS
105,2,pre,PKS
107,2,pre,PKS
118,2,pre,PKS
117,2,pre,PKS
116,2,pre,PKS
111,3,pre,PKS
118,3,pre,PKS
115,3,pre,PKS
115,3,pre,PKS
119,3,pre,PKS
117,3,pre,PKS
115,3,pre,PKS
114,3,pre,PKS
110,3,pre,PKS
114,3,pre,PKS
112,3,pre,PKS
111,3,pre,PKS
115,3,pre,PKS
116,3,pre,PKS
112,3,pre,PKS
119,3,pre,PKS
112,3,pre,PKS
116,3,pre,PKS
114,3,pre,PKS
117,3,pre,PKS
117,3,pre,PKS
111,3,pre,PKS
115,3,pre,PKS
112,3,pre,PKS
118,3,pre,PKS
114,3,pre,PKS
118,3,pre,PKS
111,3,pre,PKS
113,3,pre,PKS
117,3,pre,PKS
111,3,pre,PKS
120,3,pre,PKS
122,3,pre,PKS
124,3,pre,PKS
128,3,pre,PKS
124,3,pre,PKS
127,3,pre,PKS
124,3,pre,PKS
127,3,pre,PKS
127,3,pre,PKS
125,3,pre,PKS
122,3,pre,PKS
120,3,pre,PKS
125,3,pre,PKS
123,3,pre,PKS
125,3,pre,PKS
120,3,pre,PKS
123,3,pre,PKS
133,3,pre,PKS
137,3,pre,PKS
133,3,pre,PKS
130,3,pre,PKS
135,3,pre,PKS
139,3,pre,PKS
138,3,pre,PKS
133,3,pre,PKS
137,3,pre,PKS
134,3,pre,PKS
134,3,pre,PKS
137,3,pre,PKS
141,3,pre,PKS
147,3,pre,PKS
143,3,pre,PKS
148,3,pre,PKS
143,3,pre,PKS
141,3,pre,PKS
141,3,pre,PKS
141,3,pre,PKS
143,3,pre,PKS
141,3,pre,PKS
146,3,pre,PKS
142,3,pre,PKS
156,3,pre,PKS
153,3,pre,PKS
158,3,pre,PKS
159,3,pre,PKS
157,3,pre,PKS
155,3,pre,PKS
153,4,pre,PKS
155,4,pre,PKS
150,4,pre,PKS
156,4,pre,PKS
153,4,pre,PKS
152,4,pre,PKS
156,4,pre,PKS
154,4,pre,PKS
166,4,pre,PKS
168,4,pre,PKS
163,4,pre,PKS
166,4,pre,PKS
165,4,pre,PKS
161,4,pre,PKS
161,4,pre,PKS
169,4,pre,PKS
160,4,pre,PKS
162,4,pre,PKS
160,4,pre,PKS
168,4,pre,PKS
164,4,pre,PKS
165,4,pre,PKS
161,4,pre,PKS
164,4,pre,PKS
163,4,pre,PKS
176,4,pre,PKS
174,4,pre,PKS
171,4,pre,PKS
173,4,pre,PKS
179,4,pre,PKS
173,4,pre,PKS
175,4,pre,PKS
174,4,pre,PKS
170,4,pre,PKS
177,4,pre,PKS
188,4,pre,PKS
185,4,pre,PKS
189,4,pre,PKS
180,4,pre,PKS
181,4,pre,PKS
184,4,pre,PKS
180,4,pre,PKS
185,4,pre,PKS
184,4,pre,PKS
186,4,pre,PKS
181,5,pre,PKS
184,5,pre,PKS
192,5,pre,PKS
193,5,pre,PKS
194,5,pre,PKS
194,5,pre,PKS
191,5,pre,PKS
198,5,pre,PKS
192,5,pre,PKS
199,5,pre,PKS
199,5,pre,PKS
193,5,pre,PKS
198,5,pre,PKS
196,5,pre,PKS
193,5,pre,PKS
195,5,pre,PKS
198,5,pre,PKS
190,5,pre,PKS
196,5,pre,PKS
199,5,pre,PKS
195,5,pre,PKS
194,5,pre,PKS
194,5,pre,PKS
194,5,pre,PKS
206,5,pre,PKS
200,5,pre,PKS
204,5,pre,PKS
200,5,pre,PKS
204,5,pre,PKS
201,5,pre,PKS
202,5,pre,PKS
202,5,pre,PKS
205,5,pre,PKS
202,5,pre,PKS
207,5,pre,PKS
209,5,pre,PKS
202,5,pre,PKS
204,6,pre,PKS
209,6,pre,PKS
207,6,pre,PKS
204,6,pre,PKS
202,6,pre,PKS
208,6,pre,PKS
204,6,pre,PKS
209,6,pre,PKS
202,6,pre,PKS
203,6,pre,PKS
207,6,pre,PKS
207,6,pre,PKS
209,6,pre,PKS
204,6,pre,PKS
207,6,pre,PKS
200,6,pre,PKS
201,6,pre,PKS
206,6,pre,PKS
211,6,pre,PKS
216,6,pre,PKS
212,6,pre,PKS
216,6,pre,PKS
218,6,pre,PKS
212,6,pre,PKS
218,6,pre,PKS
216,6,pre,PKS
212,6,pre,PKS
212,6,pre,PKS
214,6,pre,PKS
214,6,pre,PKS
211,6,pre,PKS
217,6,pre,PKS
211,6,pre,PKS
218,6,pre,PKS
217,6,pre,PKS
216,6,pre,PKS
212,6,pre,PKS
216,6,pre,PKS
217,6,pre,PKS
214,6,pre,PKS
212,6,pre,PKS
227,7,pre,PKS
225,7,pre,PKS
227,7,pre,PKS
220,7,pre,PKS
223,7,pre,PKS
221,7,pre,PKS
223,7,pre,PKS
224,8,pre,PKS
223,8,pre,PKS
229,8,pre,PKS
229,8,pre,PKS
226,8,pre,PKS
220,8,pre,PKS
223,8,pre,PKS
242,8,pre,PKS
243,8,pre,PKS
253,8,pre,PKS
252,8,pre,PKS
251,9,pre,PKS
,9,pre,PKS
,10,pre,PKS
,10,pre,PKS
,10,pre,PKS
,10,pre,PKS
59,1,post,PKS
50,1,post,PKS
59,1,post,PKS
54,1,post,PKS
51,1,post,PKS
54,1,post,PKS
60,1,post,PKS
67,1,post,PKS
66,1,post,PKS
63,1,post,PKS
64,1,post,PKS
60,1,post,PKS
69,1,post,PKS
66,1,post,PKS
67,1,post,PKS
69,1,post,PKS
65,1,post,PKS
65,1,post,PKS
66,1,post,PKS
68,1,post,PKS
60,1,post,PKS
63,2,post,PKS
65,2,post,PKS
69,2,post,PKS
69,2,post,PKS
63,2,post,PKS
60,2,post,PKS
60,2,post,PKS
61,2,post,PKS
66,2,post,PKS
64,2,post,PKS
68,2,post,PKS
67,2,post,PKS
64,2,post,PKS
69,2,post,PKS
66,2,post,PKS
60,2,post,PKS
67,2,post,PKS
69,2,post,PKS
68,2,post,PKS
60,2,post,PKS
66,2,post,PKS
61,2,post,PKS
69,2,post,PKS
60,2,post,PKS
64,2,post,PKS
65,2,post,PKS
61,2,post,PKS
69,2,post,PKS
68,2,post,PKS
62,2,post,PKS
60,2,post,PKS
61,2,post,PKS
76,2,post,PKS
73,2,post,PKS
74,2,post,PKS
74,2,post,PKS
73,2,post,PKS
71,2,post,PKS
77,2,post,PKS
75,2,post,PKS
79,2,post,PKS
73,2,post,PKS
71,2,post,PKS
75,2,post,PKS
72,2,post,PKS
74,2,post,PKS
75,2,post,PKS
77,2,post,PKS
77,2,post,PKS
78,2,post,PKS
76,2,post,PKS
79,2,post,PKS
75,2,post,PKS
75,2,post,PKS
71,2,post,PKS
79,2,post,PKS
78,2,post,PKS
78,2,post,PKS
72,2,post,PKS
71,2,post,PKS
75,2,post,PKS
72,2,post,PKS
79,2,post,PKS
76,2,post,PKS
72,2,post,PKS
73,2,post,PKS
77,2,post,PKS
77,2,post,PKS
73,2,post,PKS
71,2,post,PKS
76,2,post,PKS
78,2,post,PKS
70,2,post,PKS
78,2,post,PKS
73,2,post,PKS
73,2,post,PKS
72,2,post,PKS
70,2,post,PKS
76,2,post,PKS
77,2,post,PKS
79,2,post,PKS
71,2,post,PKS
71,2,post,PKS
79,2,post,PKS
72,2,post,PKS
77,2,post,PKS
73,2,post,PKS
74,2,post,PKS
75,2,post,PKS
77,2,post,PKS
73,2,post,PKS
70,2,post,PKS
77,2,post,PKS
76,2,post,PKS
74,2,post,PKS
77,2,post,PKS
78,2,post,PKS
78,2,post,PKS
78,2,post,PKS
73,2,post,PKS
79,2,post,PKS
72,2,post,PKS
72,2,post,PKS
70,2,post,PKS
79,2,post,PKS
78,2,post,PKS
76,2,post,PKS
78,2,post,PKS
79,2,post,PKS
78,2,post,PKS
78,2,post,PKS
75,2,post,PKS
73,2,post,PKS
76,2,post,PKS
70,2,post,PKS
72,2,post,PKS
79,2,post,PKS
71,2,post,PKS
70,2,post,PKS
76,2,post,PKS
75,2,post,PKS
73,2,post,PKS
77,2,post,PKS
79,2,post,PKS
79,2,post,PKS
77,2,post,PKS
76,2,post,PKS
77,2,post,PKS
72,2,post,PKS
79,2,post,PKS
75,2,post,PKS
71,2,post,PKS
78,2,post,PKS
79,2,post,PKS
78,2,post,PKS
71,2,post,PKS
72,2,post,PKS
73,2,post,PKS
73,2,post,PKS
72,2,post,PKS
70,2,post,PKS
86,2,post,PKS
86,2,post,PKS
82,2,post,PKS
86,2,post,PKS
83,2,post,PKS
83,2,post,PKS
87,2,post,PKS
83,2,post,PKS
86,2,post,PKS
88,2,post,PKS
83,2,post,PKS
88,2,post,PKS
88,2,post,PKS
81,2,post,PKS
80,2,post,PKS
80,2,post,PKS
88,2,post,PKS
89,2,post,PKS
84,2,post,PKS
83,2,post,PKS
85,2,post,PKS
89,2,post,PKS
82,2,post,PKS
80,2,post,PKS
89,2,post,PKS
81,2,post,PKS
80,2,post,PKS
83,2,post,PKS
87,2,post,PKS
81,2,post,PKS
87,2,post,PKS
89,2,post,PKS
85,2,post,PKS
83,2,post,PKS
82,2,post,PKS
83,2,post,PKS
83,2,post,PKS
80,2,post,PKS
85,2,post,PKS
82,2,post,PKS
85,2,post,PKS
88,2,post,PKS
89,2,post,PKS
84,2,post,PKS
87,2,post,PKS
87,2,post,PKS
81,2,post,PKS
80,2,post,PKS
81,2,post,PKS
81,2,post,PKS
86,2,post,PKS
81,2,post,PKS
86,2,post,PKS
88,2,post,PKS
88,2,post,PKS
83,2,post,PKS
87,2,post,PKS
88,2,post,PKS
86,2,post,PKS
84,2,post,PKS
85,2,post,PKS
82,2,post,PKS
85,2,post,PKS
86,2,post,PKS
88,2,post,PKS
84,2,post,PKS
83,2,post,PKS
85,2,post,PKS
89,2,post,PKS
85,2,post,PKS
81,2,post,PKS
85,2,post,PKS
80,2,post,PKS
80,2,post,PKS
83,2,post,PKS
84,2,post,PKS
82,2,post,PKS
82,2,post,PKS
88,2,post,PKS
86,2,post,PKS
86,2,post,PKS
81,2,post,PKS
89,2,post,PKS
83,2,post,PKS
80,2,post,PKS
86,2,post,PKS
82,2,post,PKS
87,2,post,PKS
83,2,post,PKS
84,2,post,PKS
80,2,post,PKS
87,2,post,PKS
87,2,post,PKS
86,2,post,PKS
87,2,post,PKS
82,2,post,PKS
84,2,post,PKS
87,2,post,PKS
83,2,post,PKS
80,2,post,PKS
83,2,post,PKS
82,2,post,PKS
81,2,post,PKS
82,2,post,PKS
84,2,post,PKS
88,3,post,PKS
82,3,post,PKS
85,3,post,PKS
83,3,post,PKS
88,3,post,PKS
82,3,post,PKS
89,3,post,PKS
83,3,post,PKS
81,3,post,PKS
86,3,post,PKS
80,3,post,PKS
88,3,post,PKS
80,3,post,PKS
87,3,post,PKS
87,3,post,PKS
83,3,post,PKS
83,3,post,PKS
83,3,post,PKS
83,3,post,PKS
93,3,post,PKS
93,3,post,PKS
94,3,post,PKS
90,3,post,PKS
97,3,post,PKS
90,3,post,PKS
97,3,post,PKS
99,3,post,PKS
95,3,post,PKS
96,3,post,PKS
93,3,post,PKS
96,3,post,PKS
94,3,post,PKS
91,3,post,PKS
91,3,post,PKS
96,3,post,PKS
92,3,post,PKS
91,3,post,PKS
93,3,post,PKS
99,3,post,PKS
92,3,post,PKS
95,3,post,PKS
94,3,post,PKS
98,3,post,PKS
90,3,post,PKS
94,3,post,PKS
98,3,post,PKS
94,3,post,PKS
95,3,post,PKS
95,3,post,PKS
91,3,post,PKS
97,3,post,PKS
92,3,post,PKS
96,3,post,PKS
97,3,post,PKS
92,3,post,PKS
95,3,post,PKS
92,3,post,PKS
95,3,post,PKS
91,3,post,PKS
96,3,post,PKS
94,3,post,PKS
91,3,post,PKS
92,3,post,PKS
90,3,post,PKS
98,3,post,PKS
93,3,post,PKS
96,3,post,PKS
99,3,post,PKS
94,3,post,PKS
96,3,post,PKS
99,3,post,PKS
90,3,post,PKS
97,3,post,PKS
93,3,post,PKS
93,3,post,PKS
92,3,post,PKS
98,3,post,PKS
91,3,post,PKS
92,3,post,PKS
97,3,post,PKS
95,3,post,PKS
96,3,post,PKS
96,3,post,PKS
99,3,post,PKS
94,3,post,PKS
94,3,post,PKS
95,3,post,PKS
94,3,post,PKS
93,3,post,PKS
91,3,post,PKS
99,3,post,PKS
90,3,post,PKS
95,3,post,PKS
97,3,post,PKS
95,3,post,PKS
90,3,post,PKS
95,3,post,PKS
97,3,post,PKS
98,3,post,PKS
92,3,post,PKS
91,3,post,PKS
92,3,post,PKS
94,3,post,PKS
91,3,post,PKS
90,3,post,PKS
99,3,post,PKS
96,3,post,PKS
94,3,post,PKS
92,3,post,PKS
91,3,post,PKS
96,3,post,PKS
96,4,post,PKS
95,4,post,PKS
95,4,post,PKS
90,4,post,PKS
95,4,post,PKS
98,4,post,PKS
92,4,post,PKS
96,4,post,PKS
90,4,post,PKS
93,4,post,PKS
94,4,post,PKS
98,4,post,PKS
96,4,post,PKS
93,4,post,PKS
91,4,post,PKS
95,4,post,PKS
90,4,post,PKS
101,4,post,PKS
106,4,post,PKS
103,4,post,PKS
102,4,post,PKS
103,4,post,PKS
104,4,post,PKS
103,4,post,PKS
106,4,post,PKS
101,4,post,PKS
103,4,post,PKS
101,4,post,PKS
102,4,post,PKS
105,4,post,PKS
101,4,post,PKS
104,4,post,PKS
101,4,post,PKS
108,5,post,PKS
106,5,post,PKS
100,,post,PKS
105,,post,PKS
100,,post,PKS
106,,post,PKS
103,,post,PKS
105,,post,PKS
103,,post,PKS
106,,post,PKS
106,,post,PKS
105,,post,PKS
104,,post,PKS
102,,post,PKS
100,,post,PKS
101,,post,PKS
100,,post,PKS
105,,post,PKS
107,,post,PKS
100,,post,PKS
102,,post,PKS
102,,post,PKS
104,,post,PKS
108,,post,PKS
100,,post,PKS
101,,post,PKS
107,,post,PKS
107,,post,PKS
102,,post,PKS
107,,post,PKS
106,,post,PKS
100,,post,PKS
103,,post,PKS
105,,post,PKS
107,,post,PKS
101,,post,PKS
109,,post,PKS
105,,post,PKS
109,,post,PKS
104,,post,PKS
104,,post,PKS
106,,post,PKS
109,,post,PKS
108,,post,PKS
103,,post,PKS
106,,post,PKS
104,,post,PKS
101,,post,PKS
107,,post,PKS
100,,post,PKS
105,,post,PKS
107,,post,PKS
100,,post,PKS
105,,post,PKS
102,,post,PKS
101,,post,PKS
105,,post,PKS
105,,post,PKS
107,,post,PKS
106,,post,PKS
109,,post,PKS
107,,post,PKS
103,,post,PKS
108,,post,PKS
106,,post,PKS
109,,post,PKS
108,,post,PKS
101,,post,PKS
100,,post,PKS
103,,post,PKS
106,,post,PKS
100,,post,PKS
109,,post,PKS
102,,post,PKS
100,,post,PKS
108,,post,PKS
108,,post,PKS
118,,post,PKS
119,,post,PKS
110,,post,PKS
110,,post,PKS
113,,post,PKS
118,,post,PKS
114,,post,PKS
118,,post,PKS
118,,post,PKS
114,,post,PKS
113,,post,PKS
111,,post,PKS
117,,post,PKS
119,,post,PKS
115,,post,PKS
115,,post,PKS
116,,post,PKS
110,,post,PKS
113,,post,PKS
118,,post,PKS
111,,post,PKS
112,,post,PKS
115,,post,PKS
111,,post,PKS
115,,post,PKS
118,,post,PKS
115,,post,PKS
114,,post,PKS
113,,post,PKS
119,,post,PKS
112,,post,PKS
115,,post,PKS
113,,post,PKS
118,,post,PKS
110,,post,PKS
111,,post,PKS
114,,post,PKS
112,,post,PKS
112,,post,PKS
115,,post,PKS
112,,post,PKS
116,,post,PKS
119,,post,PKS
110,,post,PKS
112,,post,PKS
110,,post,PKS
111,,post,PKS
111,,post,PKS
113,,post,PKS
119,,post,PKS
116,,post,PKS
110,,post,PKS
112,,post,PKS
117,,post,PKS
114,,post,PKS
114,,post,PKS
110,,post,PKS
112,,post,PKS
116,,post,PKS
112,,post,PKS
116,,post,PKS
115,,post,PKS
116,,post,PKS
111,,post,PKS
117,,post,PKS
110,,post,PKS
118,,post,PKS
119,,post,PKS
113,,post,PKS
112,,post,PKS
113,,post,PKS
116,,post,PKS
110,,post,PKS
117,,post,PKS
112,,post,PKS
113,,post,PKS
117,,post,PKS
121,,post,PKS
124,,post,PKS
124,,post,PKS
124,,post,PKS
128,,post,PKS
125,,post,PKS
124,,post,PKS
121,,post,PKS
124,,post,PKS
126,,post,PKS
125,,post,PKS
124,,post,PKS
120,,post,PKS
128,,post,PKS
124,,post,PKS
129,,post,PKS
124,,post,PKS
123,,post,PKS
120,,post,PKS
123,,post,PKS
125,,post,PKS
125,,post,PKS
128,,post,PKS
124,,post,PKS
126,,post,PKS
124,,post,PKS
120,,post,PKS
129,,post,PKS
125,,post,PKS
125,,post,PKS
123,,post,PKS
125,,post,PKS
122,,post,PKS
123,,post,PKS
126,,post,PKS
121,,post,PKS
128,,post,PKS
129,,post,PKS
128,,post,PKS
122,,post,PKS
124,,post,PKS
124,,post,PKS
127,,post,PKS
127,,post,PKS
126,,post,PKS
123,,post,PKS
122,,post,PKS
127,,post,PKS
125,,post,PKS
128,,post,PKS
121,,post,PKS
121,,post,PKS
121,,post,PKS
124,,post,PKS
122,,post,PKS
124,,post,PKS
123,,post,PKS
128,,post,PKS
127,,post,PKS
129,,post,PKS
128,,post,PKS
124,,post,PKS
122,,post,PKS
120,,post,PKS
126,,post,PKS
124,,post,PKS
121,,post,PKS
126,,post,PKS
124,,post,PKS
124,,post,PKS
125,,post,PKS
129,,post,PKS
121,,post,PKS
129,,post,PKS
121,,post,PKS
123,,post,PKS
122,,post,PKS
135,,post,PKS
135,,post,PKS
138,,post,PKS
132,,post,PKS
135,,post,PKS
136,,post,PKS
139,,post,PKS
138,,post,PKS
139,,post,PKS
139,,post,PKS
136,,post,PKS
137,,post,PKS
139,,post,PKS
131,,post,PKS
138,,post,PKS
134,,post,PKS
132,,post,PKS
138,,post,PKS
130,,post,PKS
137,,post,PKS
139,,post,PKS
139,,post,PKS
136,,post,PKS
135,,post,PKS
135,,post,PKS
132,,post,PKS
135,,post,PKS
137,,post,PKS
132,,post,PKS
138,,post,PKS
134,,post,PKS
136,,post,PKS
134,,post,PKS
139,,post,PKS
134,,post,PKS
130,,post,PKS
134,,post,PKS
130,,post,PKS
136,,post,PKS
131,,post,PKS
136,,post,PKS
135,,post,PKS
135,,post,PKS
139,,post,PKS
133,,post,PKS
132,,post,PKS
136,,post,PKS
136,,post,PKS
135,,post,PKS
130,,post,PKS
139,,post,PKS
133,,post,PKS
132,,post,PKS
135,,post,PKS
137,,post,PKS
135,,post,PKS
139,,post,PKS
131,,post,PKS
145,,post,PKS
145,,post,PKS
149,,post,PKS
149,,post,PKS
145,,post,PKS
146,,post,PKS
146,,post,PKS
142,,post,PKS
140,,post,PKS
145,,post,PKS
143,,post,PKS
144,,post,PKS
145,,post,PKS
149,,post,PKS
144,,post,PKS
147,,post,PKS
141,,post,PKS
141,,post,PKS
143,,post,PKS
141,,post,PKS
140,,post,PKS
141,,post,PKS
147,,post,PKS
149,,post,PKS
149,,post,PKS
142,,post,PKS
144,,post,PKS
145,,post,PKS
144,,post,PKS
148,,post,PKS
148,,post,PKS
147,,post,PKS
141,,post,PKS
141,,post,PKS
144,,post,PKS
144,,post,PKS
142,,post,PKS
146,,post,PKS
143,,post,PKS
159,,post,PKS
150,,post,PKS
157,,post,PKS
152,,post,PKS
154,,post,PKS
157,,post,PKS
153,,post,PKS
155,,post,PKS
159,,post,PKS
154,,post,PKS
156,,post,PKS
150,,post,PKS
159,,post,PKS
155,,post,PKS
159,,post,PKS
158,,post,PKS
152,,post,PKS
152,,post,PKS
156,,post,PKS
152,,post,PKS
151,,post,PKS
154,,post,PKS
153,,post,PKS
150,,post,PKS
153,,post,PKS
154,,post,PKS
158,,post,PKS
155,,post,PKS
158,,post,PKS
159,,post,PKS
155,,post,PKS
150,,post,PKS
157,,post,PKS
156,,post,PKS
161,,post,PKS
168,,post,PKS
160,,post,PKS
169,,post,PKS
168,,post,PKS
162,,post,PKS
169,,post,PKS
169,,post,PKS
171,,post,PKS
174,,post,PKS
177,,post,PKS
177,,post,PKS
176,,post,PKS
75,1,pre,YEP
71,1,pre,YEP
92,2,pre,YEP
96,2,pre,YEP
100,2,pre,YEP
103,2,pre,YEP
106,2,pre,YEP
100,2,pre,YEP
103,2,pre,YEP
108,2,pre,YEP
107,2,pre,YEP
119,2,pre,YEP
114,2,pre,YEP
112,2,pre,YEP
114,2,pre,YEP
111,2,pre,YEP
113,2,pre,YEP
112,2,pre,YEP
112,2,pre,YEP
110,2,pre,YEP
114,2,pre,YEP
124,2,pre,YEP
122,2,pre,YEP
125,2,pre,YEP
126,2,pre,YEP
127,2,pre,YEP
129,2,pre,YEP
122,2,pre,YEP
128,2,pre,YEP
133,2,pre,YEP
134,2,pre,YEP
137,2,pre,YEP
134,2,pre,YEP
135,2,pre,YEP
134,2,pre,YEP
134,2,pre,YEP
135,2,pre,YEP
131,2,pre,YEP
137,2,pre,YEP
143,2,pre,YEP
147,2,pre,YEP
145,2,pre,YEP
144,2,pre,YEP
148,2,pre,YEP
145,2,pre,YEP
158,2,pre,YEP
157,2,pre,YEP
156,2,pre,YEP
151,2,pre,YEP
157,3,pre,YEP
168,3,pre,YEP
160,3,pre,YEP
175,3,pre,YEP
197,3,pre,YEP
208,3,pre,YEP
209,3,pre,YEP
207,3,pre,YEP
202,4,pre,YEP
203,4,pre,YEP
217,4,pre,YEP
215,4,pre,YEP
227,4,pre,YEP
222,4,pre,YEP
223,4,pre,YEP
225,4,pre,YEP
236,4,pre,YEP
238,4,pre,YEP
234,4,pre,YEP
236,4,pre,YEP
230,4,pre,YEP
238,4,pre,YEP
230,4,pre,YEP
244,4,pre,YEP
246,4,pre,YEP
240,4,pre,YEP
241,4,pre,YEP
242,4,pre,YEP
242,4,pre,YEP
248,4,pre,YEP
246,4,pre,YEP
247,5,pre,YEP
247,5,pre,YEP
257,5,pre,YEP
250,5,pre,YEP
253,5,pre,YEP
251,5,pre,YEP
259,5,pre,YEP
259,5,pre,YEP
267,5,pre,YEP
268,5,pre,YEP
268,5,pre,YEP
262,5,pre,YEP
264,5,pre,YEP
261,5,pre,YEP
264,5,pre,YEP
260,5,pre,YEP
269,5,pre,YEP
264,5,pre,YEP
260,5,pre,YEP
269,5,pre,YEP
269,5,pre,YEP
261,5,pre,YEP
265,5,pre,YEP
262,5,pre,YEP
275,5,pre,YEP
270,5,pre,YEP
279,5,pre,YEP
276,5,pre,YEP
271,5,pre,YEP
276,5,pre,YEP
279,5,pre,YEP
271,5,pre,YEP
279,5,pre,YEP
270,6,pre,YEP
275,6,pre,YEP
277,6,pre,YEP
272,6,pre,YEP
279,6,pre,YEP
278,6,pre,YEP
280,6,pre,YEP
282,6,pre,YEP
284,6,pre,YEP
283,6,pre,YEP
289,6,pre,YEP
286,6,pre,YEP
284,6,pre,YEP
280,6,pre,YEP
281,6,pre,YEP
283,6,pre,YEP
286,6,pre,YEP
281,6,pre,YEP
281,6,pre,YEP
281,6,pre,YEP
283,6,pre,YEP
284,6,pre,YEP
281,6,pre,YEP
281,6,pre,YEP
285,6,pre,YEP
289,6,pre,YEP
281,6,pre,YEP
286,6,pre,YEP
287,6,pre,YEP
286,6,pre,YEP
296,6,pre,YEP
298,6,pre,YEP
291,6,pre,YEP
299,6,pre,YEP
295,6,pre,YEP
290,6,pre,YEP
290,6,pre,YEP
293,6,pre,YEP
297,6,pre,YEP
294,6,pre,YEP
295,6,pre,YEP
292,6,pre,YEP
296,6,pre,YEP
298,6,pre,YEP
298,6,pre,YEP
292,6,pre,YEP
299,6,pre,YEP
293,7,pre,YEP
290,7,pre,YEP
290,7,pre,YEP
292,7,pre,YEP
290,7,pre,YEP
296,7,pre,YEP
293,7,pre,YEP
301,7,pre,YEP
308,7,pre,YEP
305,7,pre,YEP
308,7,pre,YEP
302,7,pre,YEP
306,7,pre,YEP
303,7,pre,YEP
301,7,pre,YEP
303,7,pre,YEP
304,7,pre,YEP
307,7,pre,YEP
315,7,pre,YEP
319,7,pre,YEP
315,7,pre,YEP
310,7,pre,YEP
311,7,pre,YEP
312,7,pre,YEP
316,7,pre,YEP
312,7,pre,YEP
310,7,pre,YEP
312,7,pre,YEP
313,7,pre,YEP
323,7,pre,YEP
324,7,pre,YEP
326,7,pre,YEP
328,7,pre,YEP
326,7,pre,YEP
321,7,pre,YEP
329,7,pre,YEP
327,7,pre,YEP
321,8,pre,YEP
322,8,pre,YEP
,8,pre,YEP
,8,pre,YEP
,8,pre,YEP
,8,pre,YEP
,8,pre,YEP
,8,pre,YEP
,8,pre,YEP
,8,pre,YEP
,9,pre,YEP
,9,pre,YEP
,10,pre,YEP
,10,pre,YEP
89,1,post,YEP
88,1,post,YEP
107,2,post,YEP
107,2,post,YEP
106,2,post,YEP
107,2,post,YEP
109,2,post,YEP
108,2,post,YEP
109,2,post,YEP
108,2,post,YEP
116,2,post,YEP
118,2,post,YEP
119,2,post,YEP
110,2,post,YEP
111,2,post,YEP
115,2,post,YEP
116,3,post,YEP
116,4,post,YEP
124,4,post,YEP
120,5,post,YEP
121,5,post,YEP
121,5,post,YEP
128,,post,YEP
126,,post,YEP
121,,post,YEP
120,,post,YEP
125,,post,YEP
122,,post,YEP
121,,post,YEP
126,,post,YEP
120,,post,YEP
126,,post,YEP
127,,post,YEP
123,,post,YEP
120,,post,YEP
132,,post,YEP
134,,post,YEP
133,,post,YEP
134,,post,YEP
138,,post,YEP
134,,post,YEP
136,,post,YEP
134,,post,YEP
137,,post,YEP
134,,post,YEP
139,,post,YEP
134,,post,YEP
132,,post,YEP
135,,post,YEP
132,,post,YEP
147,,post,YEP
140,,post,YEP
149,,post,YEP
149,,post,YEP
145,,post,YEP
143,,post,YEP
146,,post,YEP
148,,post,YEP
155,,post,YEP
153,,post,YEP
150,,post,YEP
158,,post,YEP
158,,post,YEP
151,,post,YEP
152,,post,YEP
152,,post,YEP
154,,post,YEP
156,,post,YEP
159,,post,YEP
159,,post,YEP
154,,post,YEP
162,,post,YEP
166,,post,YEP
164,,post,YEP
167,,post,YEP
161,,post,YEP
160,,post,YEP
160,,post,YEP
172,,post,YEP
173,,post,YEP
179,,post,YEP
186,,post,YEP
180,,post,YEP
185,,post,YEP
185,,post,YEP
185,,post,YEP
195,,post,YEP
196,,post,YEP
194,,post,YEP
206,,post,YEP
200,,post,YEP
216,,post,YEP
225,,post,YEP
229,,post,YEP
241,,post,YEP
244,,post,YEP
255,,post,YEP
261,,post,YEP
288,,post,YEP
306,,post,YEP
195,,pre,NOP
233,,pre,NOP
248,,pre,NOP
255,,pre,NOP
254,,pre,NOP
285,,pre,NOP
297,,pre,NOP
305,,pre,NOP
317,,pre,NOP
322,,pre,NOP
305,,pre,NOP
329,,pre,NOP
325,,pre,NOP
333,,pre,NOP
361,,pre,NOP
368,,pre,NOP
371,,pre,NOP
390,,pre,NOP
376,,pre,NOP
398,,pre,NOP
390,,pre,NOP
383,,pre,NOP
396,,pre,NOP
385,,pre,NOP
421,,pre,NOP
424,,pre,NOP
402,,pre,NOP
412,,pre,NOP
424,,pre,NOP
421,,pre,NOP
412,,pre,NOP
423,,pre,NOP
418,,pre,NOP
413,,pre,NOP
428,,pre,NOP
445,,pre,NOP
440,,pre,NOP
426,,pre,NOP
448,,pre,NOP
439,,pre,NOP
431,,pre,NOP
439,,pre,NOP
429,,pre,NOP
425,,pre,NOP
443,,pre,NOP
428,,pre,NOP
439,,pre,NOP
425,,pre,NOP
444,,pre,NOP
445,,pre,NOP
429,,pre,NOP
455,,pre,NOP
455,,pre,NOP
458,,pre,NOP
459,,pre,NOP
461,,pre,NOP
464,,pre,NOP
470,,pre,NOP
469,,pre,NOP
471,,pre,NOP
452,,pre,NOP
470,,pre,NOP
466,,pre,NOP
465,,pre,NOP
466,,pre,NOP
469,,pre,NOP
467,,pre,NOP
464,,pre,NOP
471,,pre,NOP
460,,pre,NOP
462,,pre,NOP
464,,pre,NOP
463,,pre,NOP
459,,pre,NOP
468,,pre,NOP
485,,pre,NOP
494,,pre,NOP
482,,pre,NOP
497,,pre,NOP
490,,pre,NOP
497,,pre,NOP
489,,pre,NOP
482,,pre,NOP
488,,pre,NOP
484,,pre,NOP
491,,pre,NOP
498,,pre,NOP
493,,pre,NOP
487,,pre,NOP
485,,pre,NOP
476,,pre,NOP
476,,pre,NOP
486,,pre,NOP
488,,pre,NOP
496,,pre,NOP
491,,pre,NOP
484,,pre,NOP
520,,pre,NOP
514,,pre,NOP
513,,pre,NOP
523,,pre,NOP
512,,pre,NOP
508,,pre,NOP
519,,pre,NOP
519,,pre,NOP
520,,pre,NOP
519,,pre,NOP
501,,pre,NOP
501,,pre,NOP
518,,pre,NOP
514,,pre,NOP
507,,pre,NOP
516,,pre,NOP
508,,pre,NOP
516,,pre,NOP
523,,pre,NOP
513,,pre,NOP
519,,pre,NOP
523,,pre,NOP
516,,pre,NOP
515,,pre,NOP
528,,pre,NOP
526,,pre,NOP
536,,pre,NOP
533,,pre,NOP
534,,pre,NOP
546,,pre,NOP
542,,pre,NOP
531,,pre,NOP
535,,pre,NOP
537,,pre,NOP
542,,pre,NOP
549,,pre,NOP
532,,pre,NOP
539,,pre,NOP
548,,pre,NOP
539,,pre,NOP
544,,pre,NOP
544,,pre,NOP
533,,pre,NOP
544,,pre,NOP
528,,pre,NOP
546,,pre,NOP
544,,pre,NOP
538,,pre,NOP
568,,pre,NOP
553,,pre,NOP
559,,pre,NOP
555,,pre,NOP
571,,pre,NOP
558,,pre,NOP
554,,pre,NOP
594,,pre,NOP
607,,pre,NOP
605,,pre,NOP
689,,pre,NOP
691,,pre,NOP
768,,pre,NOP
804,,pre,NOP
813,,pre,NOP
831,,pre,NOP
829,,pre,NOP
199,,post,NOP
273,,post,NOP
265,,post,NOP
274,,post,NOP
274,,post,NOP
260,,post,NOP
250,,post,NOP
298,,post,NOP
288,,post,NOP
297,,post,NOP
287,,post,NOP
294,,post,NOP
297,,post,NOP
286,,post,NOP
293,,post,NOP
277,,post,NOP
319,,post,NOP
319,,post,NOP
318,,post,NOP
309,,post,NOP
303,,post,NOP
308,,post,NOP
310,,post,NOP
324,,post,NOP
313,,post,NOP
314,,post,NOP
322,,post,NOP
345,,post,NOP
345,,post,NOP
338,,post,NOP
337,,post,NOP
332,,post,NOP
328,,post,NOP
338,,post,NOP
345,,post,NOP
363,,post,NOP
352,,post,NOP
362,,post,NOP
368,,post,NOP
351,,post,NOP
368,,post,NOP
356,,post,NOP
363,,post,NOP
357,,post,NOP
350,,post,NOP
358,,post,NOP
373,,post,NOP
377,,post,NOP
391,,post,NOP
376,,post,NOP
383,,post,NOP
375,,post,NOP
393,,post,NOP
381,,post,NOP
380,,post,NOP
376,,post,NOP
388,,post,NOP
379,,post,NOP
385,,post,NOP
389,,post,NOP
375,,post,NOP
420,,post,NOP
420,,post,NOP
417,,post,NOP
424,,post,NOP
408,,post,NOP
407,,post,NOP
424,,post,NOP
400,,post,NOP
416,,post,NOP
402,,post,NOP
401,,post,NOP
408,,post,NOP
405,,post,NOP
419,,post,NOP
401,,post,NOP
402,,post,NOP
422,,post,NOP
404,,post,NOP
423,,post,NOP
401,,post,NOP
402,,post,NOP
402,,post,NOP
402,,post,NOP
410,,post,NOP
401,,post,NOP
440,,post,NOP
425,,post,NOP
441,,post,NOP
447,,post,NOP
425,,post,NOP
429,,post,NOP
430,,post,NOP
432,,post,NOP
439,,post,NOP
439,,post,NOP
442,,post,NOP
433,,post,NOP
428,,post,NOP
427,,post,NOP
447,,post,NOP
427,,post,NOP
449,,post,NOP
437,,post,NOP
432,,post,NOP
433,,post,NOP
433,,post,NOP
436,,post,NOP
428,,post,NOP
449,,post,NOP
433,,post,NOP
441,,post,NOP
432,,post,NOP
425,,post,NOP
442,,post,NOP
458,,post,NOP
469,,post,NOP
452,,post,NOP
465,,post,NOP
466,,post,NOP
461,,post,NOP
462,,post,NOP
459,,post,NOP
471,,post,NOP
467,,post,NOP
457,,post,NOP
457,,post,NOP
470,,post,NOP
457,,post,NOP
474,,post,NOP
468,,post,NOP
453,,post,NOP
471,,post,NOP
473,,post,NOP
473,,post,NOP
478,,post,NOP
479,,post,NOP
483,,post,NOP
477,,post,NOP
494,,post,NOP
482,,post,NOP
479,,post,NOP
482,,post,NOP
497,,post,NOP
481,,post,NOP
475,,post,NOP
495,,post,NOP
496,,post,NOP
494,,post,NOP
478,,post,NOP
480,,post,NOP
497,,post,NOP
483,,post,NOP
490,,post,NOP
486,,post,NOP
489,,post,NOP
482,,post,NOP
484,,post,NOP
513,,post,NOP
522,,post,NOP
503,,post,NOP
501,,post,NOP
522,,post,NOP
519,,post,NOP
519,,post,NOP
507,,post,NOP
523,,post,NOP
520,,post,NOP
521,,post,NOP
519,,post,NOP
509,,post,NOP
503,,post,NOP
517,,post,NOP
512,,post,NOP
549,,post,NOP
548,,post,NOP
535,,post,NOP
527,,post,NOP
543,,post,NOP
534,,post,NOP
557,,post,NOP
567,,post,NOP
555,,post,NOP
562,,post,NOP
597,,post,NOP
587,,post,NOP
589,,post,NOP
575,,post,NOP
596,,post,NOP
591,,post,NOP
610,,post,NOP
622,,post,NOP
616,,post,NOP
607,,post,NOP
619,,post,NOP
610,,post,NOP
641,,post,NOP
660,,post,NOP
